codigo_entidad,entidad,ALIAS,GRUPO HOMOGENEO
00005,The Royal Bank of Scotland N.V.,ROYAL BANK OF SCOTLAND,AA124
00007,BANCO DE GALICIA Y BUENOS AIRES S.A.U.,GALICIA,AA121
00011,BANCO DE LA NACION ARGENTINA,NACION,AA110
00014,BANCO DE LA PROVINCIA DE BUENOS AIRES,BAPRO,AA110
00015,INDUSTRIAL AND COMMERCIAL BANK OF CHINA (ARGENTINA) S.A.U.,ICBC,AA123
00016,CITIBANK N.A.,CITI,AA124
00017,BANCO BBVA ARGENTINA S.A.,BBVA,AA123
00018,MUFG BANK LTD,MUFG,AA124
00020,BANCO DE LA PROVINCIA DE CORDOBA S.A.,BANCOR,AA110
00027,BANCO SUPERVIELLE S.A.,SUPERVIELLE,AA121
00029,BANCO DE LA CIUDAD DE BUENOS AIRES,CIUDAD,AA110
00034,BANCO PATAGONIA S.A.,PATAGONIA,AA123
00044,BANCO HIPOTECARIO S.A.,HIPOTECARIO,AA121
00045,BANCO DE SAN JUAN S.A.,SAN JUAN,AA121
00046,BANCO DO BRASIL S.A.,BRASIL,AA124
00060,BANCO DEL TUCUMAN S.A.,TUCUMAN,AA121
00065,BANCO MUNICIPAL DE ROSARIO,ROSARIO,AA110
00072,BANCO SANTANDER ARGENTINA S.A.,SANTANDER,AA123
00083,BANCO DEL CHUBUT S.A.,CHUBUT,AA110
00086,BANCO DE SANTA CRUZ S.A.,SANTA CRUZ,AA121
00093,BANCO DE LA PAMPA SOCIEDAD DE ECONOM A MIXTA,LA PAMPA,AA110
00094,BANCO DE CORRIENTES S.A.,CORRIENTES,AA110
00097,BANCO PROVINCIA DEL NEUQUEN SOCIEDAD ANONIMA,NEUQUEN,AA110
00131,BANK OF CHINA LIMITED SUCURSAL BUENOS AIRES,BANK OF CHINA,AA124
00143,BRUBANK S.A.U.,BRUBANK,AA121
00147,BIBANK S.A.,BIBANK,AA121
00150,Banco GGAL SA,EX HSBC GALICIA,AA123
00158,OPEN BANK ARGENTINA S.A.,OPEN BANK,AA123
00165,JPMORGAN CHASE BANK NATIONAL ASSOCIATION (SUCURSAL BUENOS A, JP MORGAN,AA124
00191,BANCO CREDICOOP COOPERATIVO LIMITADO,CREDICOOP,AA121
00198,BANCO DE VALORES S.A.,BANCO DE VALORES,AA121
00247,BANCO ROELA S.A.,ROELA,AA121
00254,BANCO MARIVA S.A.,MARIVA,AA121
00259,BANCO BMA S.A.U.,BMA MACRO,AA123
00262,BANK OF AMERICA NATIONAL ASSOCIATION,BANK OF AMERICA,AA124
00266,BNP PARIBAS,PARIBAS,AA124
00268,BANCO PROVINCIA DE TIERRA DEL FUEGO,TIERRA DEL FUEGO,AA110
00269,BANCO DE LA REPUBLICA ORIENTAL DEL URUGUAY,URUGUAY,AA124
00277,BANCO SAENZ S.A.,SAENZ,AA121
00281,BANCO MERIDIAN S.A.,MERIDIAN,AA121
00285,BANCO MACRO S.A.,MACRO,AA121
00295,AMERICAN EXPRESS BANK LTD. SOCIEDAD ANONIMA,AMERICAN EXPRESS,AA123
00299,BANCO COMAFI SOCIEDAD ANONIMA,COMAFI,AA121
00300,BANCO DE INVERSION Y COMERCIO EXTERIOR S.A.,BICE,AA110
00301,BANCO PIANO S.A.,PIANO,AA121
00303,BANCO FINANSUR S.A.,FINANSUR,AA121
00305,BANCO JULIO SOCIEDAD ANONIMA,JULIO,AA121
00309,BANCO RIOJA SOCIEDAD ANONIMA UNIPERSONAL,RIOJA,AA110
00310,BANCO DEL SOL S.A.,DEL SOL,AA121
00311,NUEVO BANCO DEL CHACO S. A.,CHACO,AA110
00312,BANCO VOII S.A.,VOII,AA121
00315,BANCO DE FORMOSA S.A.,FORMOSA,AA121
00319,BANCO CMF S.A.,CMF,AA121
00321,BANCO DE SANTIAGO DEL ESTERO S.A.,SANTIAGO DEL ESTERO,AA121
00322,BANCO INDUSTRIAL S.A.,BIND,AA121
00325,BANCO BC SOCIEDAD ANONIMA, EX DEUSTCHE COMAFI,AA123
00330,NUEVO BANCO DE SANTA FE SOCIEDAD ANONIMA,SANTA FE,AA121
00331,BANCO CETELEM ARGENTINA S.A.,CETELEM,AA123
00332,BANCO DE SERVICIOS FINANCIEROS S.A.,SERVICIOS FINANCIEROS CARREFOUR,AA123
00336,BANCO BRADESCO ARGENTINA S.A.U., BRADESCO,AA123
00338,BANCO DE SERVICIOS Y TRANSACCIONES S.A.,BST,AA121
00339,RCI BANQUE S.A., RCI RENAULT,AA124
00340,BACS BANCO DE CREDITO Y SECURITIZACION S.A.,BACS,AA121
00341,BANCO MASVENTAS S.A.,MASVENTAS,AA121
00384,UALA BANK S.A.U.,UALA,AA121
00386,NUEVO BANCO DE ENTRE RIOS S.A.,ENTRE RIOS,AA121
00389,BANCO COLUMBIA S.A.,COLUMBIA,AA121
00426,BANCO BICA S.A.,BICA,AA121
00431,BANCO COINAG S.A.,COINAG,AA121
00432,BANCO DE COMERCIO S.A.,BANCO DE COMERCIO,AA121
00435,BANCO SUCREDITO REGIONAL S.A.U.,SUCREDITO,AA121
00448,BANCO DINO S.A.,DINO,AA121
00515,BANK OF CHINA LIMITED SUCURSAL BUENOS AIRES,BANK OF CHINA 2,AA124
44059,FORD CREDIT COMPAÑIA FINANCIERA S.A.,FORD,AA220
44068,METROPOLIS COMPAÑIA FINANCIERA S.A.,METROPOLIS,AA210
44077,COMPAÑIA FINANCIERA ARGENTINA S.A.,EFECTIVO SI,AA210
44088,VOLKSWAGEN FINANCIAL SERVICES COMPA IA FINANCIERA S.A.,VOLKSWAGEN,AA220
44090,IUDU COMPAÑIAA FINANCIERA S.A.,IUDU,AA210
44092,FCA COMPAÑIA FINANCIERA S.A.,FIAT,AA220
44093,GPAT COMPAÑIA FINANCIERA S.A.U.,CHEVROLET,AA220
44094,MERCEDES-BENZ COMPA  A FINANCIERA ARGENTINA S.A.,MERCEDES-BENZ,AA220
44095,ROMBO COMPAÑIA FINANCIERA S.A.,RENAULT,AA220
44096,JOHN DEERE CREDIT COMPAÑIA FINANCIERA S.A.,JOHN DEERE,AA220
44098,PSA FINANCE ARGENTINA COMPAÑIA FINANCIERA S.A.,PEUGEOT,AA220
44099,TOYOTA COMPAÑIA FINANCIERA DE ARGENTINA S.A.,TOYOTA,AA220
44100,FINANDINO COMPAÑIA FINANCIERA S.A.BANCO DINO EX FINANDINO,,AA210
45030,NARANJA DIGITAL COMPAÑIA FINANCIERA S.A.U.,NARANJA,AA210
45056,MONTEMAR COMPAÑIA FINANCIERA S.A.,MONTEMAR,AA210
45072,REBA COMPAÑIA FINANCIERA S.A.,REBA TRANSATLANTICO,AA210
65203,CREDITO REGIONAL COMPAÑIA FINANCIERA S.A.U.,CREDITO REGIONAL,AA210
AA000,SISTEMA FINANCIERO,TOTAL SISTEMA FINANCIERO,AA000
AA100,BANCOS,SOLO BANCOS,AA000
AA110,BANCOS PUBLICOS,BANCOS PUBLICOS,AA000
AA120,BANCOS PRIVADOS,BANCOS PRIVADOS,AA000
AA121,BANCOS LOCALES DE CAPITAL NACIONAL,LOCALES CAP NACIONAL,AA000
AA123,BANCOS LOCALES DE CAPITAL EXTRANJERO,LOCALES CAP EXTRANJERO,AA000
AA124,BANCOS SUCURSALES ENTIDADES FINANCIERAS DEL EXTERIOR,ENT FIN DEL EXTERIOR,AA000
AA200,COMPAÑIAS FINANCIERAS,COMPAÑÍAS FINANCIERAS TOTAL,AA000
AA210,COMPAÑIAS FINANCIERAS DE CAPITAL NACIONAL,COMP FIN CAP NACIONAL,AA200
AA220,COMPAÑIAS FINANCIERAS  DE CAPITAL EXTRANJERO,COMP FIN CAP EXTRANJERO,AA200
AA300,CAJAS DE CREDITO,CAJAS DE CREDITO,AA000
AA910,10 PRIMEROS BANCOS PRIVADOS,10 PRIMEROS BANCOS PRIVADOS,AA120
