codigo_dato,descripcion_dato,detalle_dato
8000111,A11 - Cartera Irregular Sector Privado (%),Cartera Irregular del Sector Privado (A11): Morosidad específica de los préstamos al sector privado. Un aumento indica más créditos privados en incumplimiento; una disminución sugiere una cartera privada más sana.
80001111,L1 - Liquidez Total con Posición de Call (%),"Liquidez Amplia (L1): Cobertura de depósitos (y call tomados) con activos de rápida realización (efectivo, bancos, títulos cotizables, instrumentos BCRA, neto de pases). Un L1 alto indica amplia holgura de liquidez; un L1 bajo, menor respaldo líquido frente a depósitos."
100010000000,A C T I V O,"Encabezado del estado de situación patrimonial. **Activo total**: suma de todos los bienes y derechos de la entidad (efectivo, títulos, préstamos, inmuebles, intangibles, etc.). Es la métrica principal de tamaño del banco. En moneda homogénea, una suba indica crecimiento real del balance (más intermediación o más activos productivos); una baja, contracción real (desarme de cartera, ventas, deterioros). Para comparar entre bancos siempre conviene usar esta variable como denominador (ratios sobre activo)."
100010100000,Efectivo y deposito en bancos,"Activo (BALRES). Efectivo y deposito en bancos. Subrubro dentro de **A C T I V O**. Disponibilidades: efectivo en caja y depósitos a la vista en BCRA/otros bancos. Sirve para medir liquidez inmediata. En moneda homogénea, una suba suele reflejar acumulación real de liquidez (o menor colocación en crédito/inversiones); una baja, uso de liquidez para prestar, invertir o pagar obligaciones."
100010200000,Títulos Públicos y Privados,"Activo (BALRES). Títulos Públicos y Privados. Subrubro dentro de **A C T I V O**. Tenencias de instrumentos de inversión (títulos públicos, privados y otros valores). Mide la exposición a riesgo de mercado y la estrategia de colocación/liquidez. En moneda homogénea, una suba indica mayor colocación real en valores (o revalorización real); una baja puede indicar desarme de cartera o migración hacia préstamos u otros activos."
100010300000,Préstamos,"Activo (BALRES). Préstamos. Subrubro dentro de **A C T I V O**. Saldo de créditos otorgados (cartera) antes de previsiones, según clasificación del BCRA. Es el principal activo generador de intereses y de riesgo de crédito. En moneda homogénea, una suba sugiere expansión real del crédito; una baja, contracción, castigos o recomposición hacia otros activos."
100010301000,Sector Público no Financiero,"Activo (BALRES). Sector Público no Financiero. Subrubro dentro de **A C T I V O**. Exposición/financiamiento al sector público no financiero (gobierno nacional, provincias, municipios, etc.), según clasificación regulatoria. En moneda homogénea, variaciones reflejan cambios reales en la exposición a ese sector (no solo inflación)."
100010302000,Sector Financiero,"Activo (BALRES). Sector Financiero. Subrubro dentro de **A C T I V O**. Operaciones con otras entidades financieras (interbancario, colocaciones o financiamiento entre entidades). En moneda homogénea, una suba indica mayor exposición/intermediación interbancaria en términos reales."
100010303000,Sector Privado no Financiero y Residentes en el Ext.,"Activo (BALRES). Sector Privado no Financiero y Residentes en el Ext.. Subrubro dentro de **A C T I V O**. Cartera/exposición al sector privado no financiero y residentes en el exterior, según clasificación del BCRA. En moneda homogénea, permite comparar el tamaño real de la cartera privada entre períodos."
100010303001,Adelantos,"Activo (BALRES). Adelantos. Subrubro dentro de **Sector Privado no Financiero y Residentes en el Ext.**. Adelantos en cuenta corriente: crédito de muy corto plazo asociado a cuentas corrientes. En moneda homogénea, una suba puede indicar mayor uso real de descubierto (más demanda de liquidez de empresas/personas)."
100010303005,"Doc a sola firma, descont. y comprados","Activo (BALRES). Doc a sola firma, descont. y comprados. Subrubro dentro de **Sector Privado no Financiero y Residentes en el Ext.**. Documentos a sola firma descontados/comprados: financiamiento mediante descuento de documentos (pagarés, etc.). En moneda homogénea, muestra cambios reales en este tipo de financiamiento de corto/mediano plazo."
100010303010,Hipotecarios,"Activo (BALRES). Hipotecarios. Subrubro dentro de **Sector Privado no Financiero y Residentes en el Ext.**. Créditos con garantía hipotecaria (vivienda u otros inmuebles). En moneda homogénea, una suba indica expansión real del crédito hipotecario; una baja, contracción o amortizaciones superiores a nuevas altas."
100010303015,Prendarios,"Activo (BALRES). Prendarios. Subrubro dentro de **Sector Privado no Financiero y Residentes en el Ext.**. Créditos con garantía prendaria (por ejemplo, vehículos o bienes registrables). En moneda homogénea, refleja la evolución real de este segmento de crédito."
100010303020,Personales,"Activo (BALRES). Personales. Subrubro dentro de **Sector Privado no Financiero y Residentes en el Ext.**. Préstamos personales/consumo (sin garantía real específica). En moneda homogénea, una suba indica mayor crédito al consumo en términos reales; una baja, retracción o mayores cancelaciones."
100010303030,Otros,"Activo (BALRES). Otros. Subrubro dentro de **Sector Privado no Financiero y Residentes en el Ext.**. Rubro residual: agrupa partidas que no se clasifican en los subrubros detallados dentro del mismo bloque. En moneda homogénea, si crece mucho conviene revisar qué partidas lo componen (puede esconder cambios de clasificación)."
100010303045,Intereses y dif. cotiz. deveng. a cobrar,"Activo (BALRES). Intereses y dif. cotiz. deveng. a cobrar. Subrubro dentro de **Sector Privado no Financiero y Residentes en el Ext.**. Intereses devengados a cobrar y diferencias de cotización devengadas asociadas a la cartera. En moneda homogénea, una suba puede reflejar mayor stock de crédito o mayores devengamientos reales (tasa efectiva/atrasos)."
100010303050,Cobros no aplicados,"Activo (BALRES). Cobros no aplicados. Subrubro dentro de **Sector Privado no Financiero y Residentes en el Ext.**. Fondos cobrados pendientes de imputación contable (por ejemplo, pagos recibidos aún no asignados a un concepto). En moneda homogénea, cambios persistentes pueden sugerir cuestiones operativas (timing de registración) más que cambios de negocio."
100010303055,Intereses documentados,"Activo (BALRES). Intereses documentados. Subrubro dentro de **Sector Privado no Financiero y Residentes en el Ext.**. Intereses instrumentados/documentados (por ejemplo, intereses capitalizados o documentados en instrumentos), asociados a préstamos. En moneda homogénea, una suba puede reflejar mayor capitalización/documentación real de intereses o reestructuraciones."
100010303060,Ajustes NIIF,"NIIF significa *Normas Internacionales de Información Financiera* (equivalente a IFRS). Este rubro suele reflejar ajustes/reclasificaciones para medir o presentar partidas según NIIF (por ejemplo, costo amortizado/valor razonable, deterioros, reclasificaciones). Es relevante porque impacta en la comparabilidad interanual y puede mover patrimonio o resultado sin que cambie el negocio subyacente. En moneda homogénea, una suba indica que el efecto neto de esos ajustes crece en términos reales (cambios normativos, reexpresiones o mayores diferencias de medición); una baja sugiere reversión o menor brecha."
100010304000,Previsiones,"Activo (BALRES). Previsiones. Subrubro dentro de **A C T I V O**. Previsiones por incobrabilidad/deterioro asociadas a la cartera (contracuenta que reduce el valor neto de los activos crediticios). En moneda homogénea, una suba indica mayor cobertura/deterioro real; una baja, recuperos o mejora de cartera (o cambio de criterios)."
100010400000,Otros Cred.por Interm.Finan.,"Activo (BALRES). Otros Cred.por Interm.Finan.. Subrubro dentro de **A C T I V O**. Otros créditos por intermediación financiera: rubros residuales vinculados a operaciones de intermediación no capturados en subcuentas principales. En moneda homogénea, una suba indica que estos componentes ganan peso real; conviene mirar composición si crece mucho."
100010401000,Montos a cobrar por ventas contado a liq. y a término,"Activo (BALRES). Montos a cobrar por ventas contado a liq. y a término. Subrubro dentro de **A C T I V O**. Cuentas a cobrar por operaciones de compra/venta de instrumentos (contado a liquidar y a término): refleja la liquidación pendiente. En moneda homogénea, movimientos pueden reflejar timing de liquidación y volumen real operado."
100010409000,Otros,"Activo (BALRES). Otros. Subrubro dentro de **A C T I V O**. Rubro residual: agrupa partidas que no se clasifican en los subrubros detallados dentro del mismo bloque. En moneda homogénea, si crece mucho conviene revisar qué partidas lo componen (puede esconder cambios de clasificación)."
100010500000,Credito por arrendamiento financiero,"Activo (BALRES). Credito por arrendamiento financiero. Subrubro dentro de **A C T I V O**. Créditos por arrendamiento financiero (leasing): saldos a cobrar por contratos de leasing. En moneda homogénea, indica la evolución real del leasing como producto."
100010600000,Part. en otras Sociedades,"Activo (BALRES). Part. en otras Sociedades. Subrubro dentro de **A C T I V O**. Participaciones en otras sociedades: inversiones permanentes/participaciones accionarias. En moneda homogénea, una suba refleja mayor inversión real o revaluaciones; una baja, desinversiones/deterioros."
100010600005,En entidades financieras,"Activo (BALRES). En entidades financieras. Subrubro dentro de **Part. en otras Sociedades**. Participaciones específicamente en entidades financieras (inversiones accionarias en bancos u otras EF). En moneda homogénea, cambios reflejan decisiones de inversión real y/o valuaciones."
100010600020,Otras,"Activo (BALRES). Otras. Subrubro dentro de **Part. en otras Sociedades**. Rubro residual: agrupa partidas que no se clasifican en los subrubros detallados dentro del mismo bloque. En moneda homogénea, si crece mucho conviene revisar qué partidas lo componen (puede esconder cambios de clasificación)."
100010600030,Deterioro de valor,"Activo (BALRES). Deterioro de valor. Subrubro dentro de **Part. en otras Sociedades**. Deterioro de valor (impairment) reconocido sobre activos/inversiones, según normas contables. En moneda homogénea, una suba suele reflejar mayores pérdidas reales por deterioro o cambio de valuaciones."
100010700000,Créditos Diversos,"Activo (BALRES). Créditos Diversos. Subrubro dentro de **A C T I V O**. Otros créditos/acreencias no clasificadas en rubros principales (por ejemplo, deudores varios, impuestos a favor, etc.). En moneda homogénea, variaciones grandes suelen responder a composición específica; conviene revisar si crece de forma persistente."
100010800000,"Propiedad, plantas y equipo","Activo (BALRES). Propiedad, plantas y equipo. Subrubro dentro de **A C T I V O**. Activos fijos (bienes de uso): inmuebles, instalaciones, equipamiento, etc. En moneda homogénea, una suba indica inversión real (CAPEX) o revalúos; una baja, depreciación/ventas."
100010900000,Bienes Diversos,"Activo (BALRES). Bienes Diversos. Subrubro dentro de **A C T I V O**. Otros bienes/activos no financieros no encuadrados en PPE o intangibles. En moneda homogénea, movimientos suelen ser por altas/bajas de activos específicos."
100011000000,Activos Intangibles,"Activo (BALRES). Activos Intangibles. Activos intangibles: software, licencias, plusvalía u otros intangibles reconocidos contablemente. En moneda homogénea, una suba suele indicar inversiones/adquisiciones; una baja, amortizaciones/deterioros."
100011100000,Filiales en el Exterior,"Activo (BALRES). Filiales en el Exterior. Subrubro dentro de **Activos Intangibles**. Saldos vinculados a filiales/sucursales en el exterior (según presentación del BCRA). En moneda homogénea, cambios reflejan variaciones reales de esas posiciones y/o tipo de cambio si están valuadas en moneda extranjera."
100011200000,Partidas Pend. de Imputación,"Activo (BALRES). Partidas Pend. de Imputación. Subrubro dentro de **Activos Intangibles**. Partidas pendientes de imputación (activo): cuentas transitorias con importes a asignar a un rubro definitivo. En moneda homogénea, picos pueden reflejar cuestiones operativas de cierre/registración más que cambios estructurales."
100020000000,P A S I V O,"Encabezado del estado de situación patrimonial. **Pasivo total**: suma de todas las obligaciones con terceros (depósitos, deuda emitida, líneas, etc.). Es la fuente externa de fondeo del banco. En moneda homogénea, una suba indica más fondeo real (más depósitos o más deuda); una baja, salida de fondos o cancelación de deuda. La diferencia con el activo da el patrimonio neto."
100020100000,Depósitos,"Pasivo (BALRES). Depósitos. Subrubro dentro de **P A S I V O**. Depósitos del público y del sector financiero (principal fuente de fondeo). Incluye cuentas corrientes, cajas de ahorro, plazos fijos, etc. En moneda homogénea, una suba indica crecimiento real del fondeo por depósitos; una baja, salida real de depósitos o migración a otros instrumentos."
100020101000,Sector Público no financiero,"Pasivo (BALRES). Sector Público no financiero. Subrubro dentro de **P A S I V O**. Exposición/financiamiento al sector público no financiero (gobierno nacional, provincias, municipios, etc.), según clasificación regulatoria. En moneda homogénea, variaciones reflejan cambios reales en la exposición a ese sector (no solo inflación)."
100020102000,Sector Financiero,"Pasivo (BALRES). Sector Financiero. Subrubro dentro de **P A S I V O**. Operaciones con otras entidades financieras (interbancario, colocaciones o financiamiento entre entidades). En moneda homogénea, una suba indica mayor exposición/intermediación interbancaria en términos reales."
100020103000,Sector Privado no Financiero y Residentes en el Ext.,"Pasivo (BALRES). Sector Privado no Financiero y Residentes en el Ext.. Subrubro dentro de **P A S I V O**. Cartera/exposición al sector privado no financiero y residentes en el exterior, según clasificación del BCRA. En moneda homogénea, permite comparar el tamaño real de la cartera privada entre períodos."
100020103001,Cuentas corrientes,"Pasivo (BALRES). Cuentas corrientes. Subrubro dentro de **Sector Privado no Financiero y Residentes en el Ext.**. Depósitos a la vista en cuentas corrientes (alta liquidez para el depositante). En moneda homogénea, subas/bajas muestran cambios reales en depósitos transaccionales."
100020103005,Caja de ahorros,"Pasivo (BALRES). Caja de ahorros. Subrubro dentro de **Sector Privado no Financiero y Residentes en el Ext.**. Depósitos a la vista en cajas de ahorro. En moneda homogénea, refleja cambios reales en saldos minoristas/ahorristas."
100020103010,Plazo fijo e inversiones a plazo,"Pasivo (BALRES). Plazo fijo e inversiones a plazo. Subrubro dentro de **Sector Privado no Financiero y Residentes en el Ext.**. Depósitos a plazo (plazo fijo e inversiones a término): fondeo más estable, sensible a tasas. En moneda homogénea, subas pueden indicar mayor preferencia real por colocaciones a plazo; bajas, migración a otros activos (dólar, fondos, etc.)."
100020103015,Otros,"Pasivo (BALRES). Otros. Subrubro dentro de **Sector Privado no Financiero y Residentes en el Ext.**. Rubro residual: agrupa partidas que no se clasifican en los subrubros detallados dentro del mismo bloque. En moneda homogénea, si crece mucho conviene revisar qué partidas lo componen (puede esconder cambios de clasificación)."
100020103020,Intereses y dif. cotiz. deveng. a pagar,"Pasivo (BALRES). Intereses y dif. cotiz. deveng. a pagar. Subrubro dentro de **Sector Privado no Financiero y Residentes en el Ext.**. Intereses devengados a pagar y diferencias de cotización devengadas asociadas a obligaciones. En moneda homogénea, una suba puede reflejar mayor stock de pasivos remunerados o mayores devengamientos reales."
100020103025,Ajustes NIIF,"NIIF significa *Normas Internacionales de Información Financiera* (equivalente a IFRS). Este rubro suele reflejar ajustes/reclasificaciones para medir o presentar partidas según NIIF (por ejemplo, costo amortizado/valor razonable, deterioros, reclasificaciones). Es relevante porque impacta en la comparabilidad interanual y puede mover patrimonio o resultado sin que cambie el negocio subyacente. En moneda homogénea, una suba indica que el efecto neto de esos ajustes crece en términos reales (cambios normativos, reexpresiones o mayores diferencias de medición); una baja sugiere reversión o menor brecha."
100020200000,Otras Oblig.por Intermed. Financ.,"Pasivo (BALRES). Otras Oblig.por Intermed. Financ.. Subrubro dentro de **P A S I V O**. Otras obligaciones por intermediación financiera: pasivos propios de la operatoria financiera no incluidos en depósitos u otras líneas principales. En moneda homogénea, una suba indica mayor financiamiento real por estas vías."
100020200005,Obligaciones Negociables,"Pasivo (BALRES). Obligaciones Negociables. Subrubro dentro de **Otras Oblig.por Intermed. Financ.**. Deuda emitida en el mercado (bonos/ON) por la entidad. En moneda homogénea, una suba indica mayor endeudamiento real vía mercado; una baja, amortizaciones o recompras."
100020200010,Líneas de Créditos del Exterior,"Pasivo (BALRES). Líneas de Créditos del Exterior. Subrubro dentro de **Otras Oblig.por Intermed. Financ.**. Financiamiento obtenido del exterior (líneas de crédito externas). En moneda homogénea, cambios reflejan variaciones reales; si está en moneda extranjera, parte del movimiento puede venir por tipo de cambio."
100020200020,Montos a pagar por compras contado a liq. y a término,"Pasivo (BALRES). Montos a pagar por compras contado a liq. y a término. Subrubro dentro de **Otras Oblig.por Intermed. Financ.**. Cuentas a pagar por operaciones de compra/venta de instrumentos (contado a liquidar y a término): refleja liquidación pendiente. En moneda homogénea, movimientos pueden reflejar timing de liquidación y volumen real operado."
100020200090,Otras,"Pasivo (BALRES). Otras. Subrubro dentro de **Otras Oblig.por Intermed. Financ.**. Rubro residual: agrupa partidas que no se clasifican en los subrubros detallados dentro del mismo bloque. En moneda homogénea, si crece mucho conviene revisar qué partidas lo componen (puede esconder cambios de clasificación)."
100020300000,Obligaciones Diversas,"Pasivo (BALRES). Obligaciones Diversas. Subrubro dentro de **P A S I V O**. Otros pasivos no financieros (proveedores, impuestos a pagar, remuneraciones, etc.), según clasificación del BCRA. En moneda homogénea, subas persistentes pueden indicar mayor endeudamiento operativo real."
100020400000,Provisiones,"Pasivo (BALRES). Provisiones. Subrubro dentro de **P A S I V O**. Provisiones por contingencias (juicios, garantías, obligaciones probables) reconocidas como pasivo. En moneda homogénea, una suba sugiere mayor carga real de contingencias; una baja, uso/reversión de provisiones."
100020500000,Obligaciones Subordinadas,"Pasivo (BALRES). Obligaciones Subordinadas. Subrubro dentro de **P A S I V O**. Deuda subordinada: pasivo cuyo cobro está subordinado a otros acreedores (a veces computa como capital regulatorio). En moneda homogénea, cambios reflejan emisiones/amortizaciones reales de este instrumento."
100020600000,Partidas Pendientes de Imputación,"Pasivo (BALRES). Partidas Pendientes de Imputación. Subrubro dentro de **P A S I V O**. Partidas pendientes de imputación (pasivo): importes transitorios a asignar a un rubro definitivo. En moneda homogénea, picos pueden responder a cuestiones operativas de cierre/registración."
100030000000,P A T R I M O N I O   N E T O,"Encabezado del estado de situación patrimonial. **Patrimonio neto total**: capital propio del banco (capital social + aportes + reservas + ORI acumulado + resultados no asignados). Es la base de cálculo del ROE y del apalancamiento. En moneda homogénea, una suba indica acumulación real de capital (resultados retenidos o aportes); una baja, distribución de dividendos, pérdidas o desafectación de reservas. Es la ""piel en el juego"" de los accionistas."
100030100000,"Capital, Aportes, Reservas y ORI acumulado","Patrimonio neto (BALRES). Capital, Aportes, Reservas y ORI acumulado. Subrubro dentro de **P A T R I M O N I O   N E T O**. Componentes del patrimonio: capital social, aportes, reservas y Otros Resultados Integrales (ORI) acumulados. En moneda homogénea, una suba indica fortalecimiento real del capital propio (aportes o resultados/ORI acumulados)."
100030600000,Resultados no asignados,"Patrimonio neto (BALRES). Resultados no asignados. Subrubro dentro de **P A T R I M O N I O   N E T O**. Resultados acumulados (utilidades/pérdidas retenidas) no asignados a reservas ni distribuidos. En moneda homogénea, permite ver si la acumulación de resultados es real (no solo nominal por inflación)."
100040000000,R D O S. I N T E G R A L E S  A C U M.  D E L  P E R I O D O,"Encabezado del estado de resultados integrales del período. Suma acumulada de ingresos financieros y por servicios, menos egresos financieros, gastos de administración, cargos por incobrabilidad, impuestos y resultado monetario. El saldo de este bloque es la ganancia (o pérdida) neta del período. En moneda homogénea, una suba indica mejora real de la rentabilidad; una baja, deterioro real."
100040100000,Ingresos financieros,"Estado de resultados (BALRES). Ingresos financieros totales del período: intereses cobrados sobre préstamos, títulos y otras colocaciones, más resultado por valuación de activos financieros, ajustes CER/UVA y diferencia de cotización. En moneda homogénea, una suba refleja mayor margen activo real (más volumen, mejor mix o mayores tasas reales); una baja sugiere desmonetización del crédito o tasas reales en caída."
100040100005,Por Intereses,"Estado de resultados (BALRES). Subrubro dentro de **Ingresos financieros**. Intereses devengados específicamente por préstamos y otras colocaciones a tasa de interés (excluye resultado por valuación o diferencias de cambio). Es el ingreso 'puro' de la intermediación crediticia. En moneda homogénea, una suba indica más volumen real de cartera o tasas activas reales más altas; una baja, contracción de cartera o tasas reales más bajas."
100040100090,Otros Ingresos Financieros,"Estado de resultados (BALRES). Subrubro dentro de **Ingresos financieros**. Componentes no-intereses de los ingresos financieros: resultado por valuación de instrumentos a valor razonable, ajustes por inflación (CER/UVA), diferencia de cotización por moneda extranjera, resultado por venta de títulos. En moneda homogénea, picos suelen reflejar cambios de tasa, devaluaciones o reposicionamiento de cartera de inversión más que actividad recurrente."
100040200000,Egresos financieros,"Estado de resultados (BALRES). Costos financieros totales del período: intereses pagados por depósitos, deuda emitida y líneas, más ajustes CER/UVA y diferencias de cotización del pasivo. Es el costo del fondeo. En moneda homogénea, una suba indica encarecimiento real del fondeo (suba de tasas reales o cambio de mix hacia fondeo más caro); una baja, abaratamiento del costo de fondos o caída del stock fondeado."
100040200005,Por Intereses,"Estado de resultados (BALRES). Subrubro dentro de **Egresos financieros**. Intereses pagados por el pasivo remunerado (plazos fijos, ON, líneas, call). Es el costo 'puro' del fondeo a tasa. En moneda homogénea, una suba refleja tasas pasivas reales más altas o mayor volumen de pasivo remunerado; una baja, lo opuesto."
100040200090,Otros Egresos Financieros,"Estado de resultados (BALRES). Subrubro dentro de **Egresos financieros**. Componentes no-intereses: ajuste CER/UVA del pasivo, diferencia de cotización por pasivos en moneda extranjera, resultados por instrumentos a valor razonable cuando son negativos. En moneda homogénea, picos suelen responder a devaluaciones o saltos de inflación más que a cambios de negocio."
100040300000,Cargo por incobrabilidad,"Estado de resultados (BALRES). Constitución neta de previsiones por riesgo crediticio del período: refleja el costo esperado del crédito asignado al período. Una suba indica deterioro de la cartera (más mora prevista) o cambio de política a mayor cobertura; una baja, mejora de la cartera o desafectación de previsiones. Junto con A14 (cobertura) y A9 (mora) define el riesgo crediticio del banco."
100040400000,Ingresos por servicios,"Estado de resultados (BALRES). Comisiones cobradas por servicios bancarios: tarjetas, mantenimiento de cuentas, transferencias, comisiones de cobranzas, banca electrónica, etc. Es el ingreso recurrente NO ligado al margen financiero. En moneda homogénea, una suba sugiere mayor base de clientes o tarifas reales más altas; una baja, caída del transaccional o presión competitiva sobre comisiones."
100040500000,Egresos por servicios,"Estado de resultados (BALRES). Comisiones pagadas a terceros por servicios: redes de pagos, adquirencia, corresponsalías, fees a procesadoras, etc. Es la 'contrapartida' que paga el banco para prestar sus servicios. En moneda homogénea, una suba puede reflejar mayor volumen transaccional o costos crecientes de proveedores; una baja, menor actividad o mejor negociación con proveedores."
100040700000,Gastos de administración,"Estado de resultados (BALRES). Gastos operativos del período: sueldos y cargas sociales del personal, alquileres, sistemas, servicios, amortizaciones, impuestos no a las ganancias, etc. Es el costo de 'mover' el banco. En moneda homogénea, una suba sostenida indica que la inflación interna supera a la del IPC (presión salarial, inversión IT) o expansión de estructura; una baja, eficiencia o reducción real de plantilla/oficinas."
100040800000,Créditos recuperados y previsiones desafectadas,"Estado de resultados (BALRES). Recuperos de créditos previamente castigados y reversión de previsiones por mejora de cartera. Es el espejo positivo del cargo por incobrabilidad. En moneda homogénea, una suba indica recuperos efectivos importantes o desafectación por mejora real de la cartera; una baja, menos recuperos del stock castigado."
100041200000,Resultado monetario,"Estado de resultados (BALRES). Ganancia o pérdida por la posición monetaria neta en contextos inflacionarios (NIIF: ajuste por inflación bajo IAS 29). Refleja el efecto de la inflación sobre activos/pasivos monetarios netos: si los pasivos monetarios superan a los activos monetarios, la inflación 'licúa' deuda y genera ganancia monetaria. En moneda homogénea, una suba grande suele coincidir con períodos de alta inflación; en países con baja inflación es prácticamente cero."
100041300000,Otros,"Estado de resultados (BALRES). Resultados diversos no atribuibles a las grandes líneas (ingresos/egresos financieros, servicios, gastos de administración o cargos por incobrabilidad). Suele incluir resultados extraordinarios o por baja de activos. En moneda homogénea, picos persistentes ameritan revisar la composición porque pueden esconder reclasificaciones o partidas no recurrentes."
100041400000,Impuesto a las ganancias,"Estado de resultados (BALRES). Cargo del período por impuesto a las ganancias (corriente + diferido). En moneda homogénea, una suba refleja resultado antes de impuestos más alto en términos reales o cambios de alícuota efectiva; una baja, menor base imponible real o aprovechamiento de quebrantos/deducciones."
100041500000,Otro resultado integral,"Estado de resultados (BALRES). Componentes que afectan el patrimonio neto sin pasar por resultado neto (NIIF): revaluaciones de PPE, mediciones a valor razonable de instrumentos disponibles para la venta, diferencias de conversión de moneda, etc. En moneda homogénea, una suba refleja revalorización real de activos no operativos; una baja, deterioros o conversiones cambiarias adversas."
100050000000,PARTIDAS FUERA DE BALANCE,"Encabezado del bloque de partidas extracontables. Agrupa exposiciones contingentes (garantías, avales, líneas comprometidas), cuentas de control, posiciones de derivados (nocional) y actividad fiduciaria. NO forman parte del activo o pasivo contable, pero sí del riesgo del banco. Mirar este bloque es esencial cuando el banco tiene actividad importante en garantías, derivados o fideicomisos."
100050100000,Créditos irrecuperables en partidas fuera del balance,"Partidas fuera de balance (BALRES). Créditos castigados (situación 6) que el banco dio de baja del activo pero sigue siguiendo extracontablemente para fines de cobranza/recupero. En moneda homogénea, una suba indica más castigos reales del período; una baja, recuperos contundentes o transferencia de cartera a terceros (venta de cartera mala)."
100050200000,Contingentes acreedoras,"Partidas fuera de balance (BALRES). Obligaciones potenciales del banco a favor de terceros: garantías otorgadas, avales, créditos documentarios, líneas comprometidas no utilizadas. Mide la 'exposición prometida' además del balance. En moneda homogénea, una suba indica mayor riesgo de crédito comprometido (aval/garantía) en términos reales; una baja, menor exposición fuera de balance."
100050300000,De Control acreedoras,"Partidas fuera de balance (BALRES). Cuentas de control acreedoras: registros extracontables para seguimiento interno/regulatorio (p.ej. valores en custodia, garantías recibidas, cheques al cobro). No representan derecho ni obligación en sí mismas. Útil para auditoría y trazabilidad operativa."
100050400000,De Derivados acreedoras,"Partidas fuera de balance (BALRES). Posiciones vendedoras / pasivas en derivados financieros (forwards, swaps, opciones) registradas por su nocional fuera de balance. En moneda homogénea, una suba indica mayor exposición a coberturas de tipo de cambio o tasa; conviene leerla junto con la posición deudora del mismo bloque."
100050500000,De Actividad fiduciaria acreedoras,"Partidas fuera de balance (BALRES). Bienes y operaciones administradas como fiduciario (no propios del banco): patrimonios fideicomitidos, fondos comunes administrados, etc. Mide el negocio de gestión fiduciaria. En moneda homogénea, una suba indica crecimiento real del negocio fiduciario; una baja, salida de patrimonios bajo administración."
100050600000,Contingentes deudoras,"Partidas fuera de balance (BALRES). Derechos potenciales a favor del banco: garantías recibidas, contingencias activas, líneas comprometidas a su favor. En moneda homogénea, una suba indica más cobertura/colateral disponible; una baja, menor respaldo contingente."
100050700000,De Control deudoras,"Partidas fuera de balance (BALRES). Contrapartida deudora de las cuentas de control acreedoras: registro de la otra cara de las operaciones extracontables (custodias, valores recibidos, etc.). Su saldo debería 'matchear' con las cuentas de control acreedoras."
100050800000,De Derivados deudoras,"Partidas fuera de balance (BALRES). Posiciones compradoras / activas en derivados financieros (forwards, swaps, opciones) registradas por su nocional. En moneda homogénea, una suba indica mayor uso de derivados como cobertura o estrategia; una baja, desarme de posiciones."
100050900000,De Actividad fiduciaria deudoras,"Partidas fuera de balance (BALRES). Contrapartida de la actividad fiduciaria: refleja el activo del fideicomiso administrado por el banco como fiduciario (no es activo propio). Junto con la cuenta acreedora, dimensiona el negocio fiduciario."
100060000000,"Importe a netear de operac. y pases, a término y contado a l","Neteo / compensación (BALRES). Importe a netear de operac. y pases, a término y contado a l. Importes a compensar (netear) por operaciones y pases/contado y a término, para evitar doble conteo en exposiciones brutas. En moneda homogénea, una suba puede reflejar mayor volumen real de operaciones sujetas a compensación."
110000000001,CANTIDAD ENTIDADES FINANCIERAS,"Cantidad total de entidades financieras autorizadas a operar (suma de bancos + compañías financieras + cajas de crédito), según el cuadro de 'Información de Estructura' del BCRA. Una baja persistente indica concentración del sistema (fusiones, adquisiciones o salidas); una suba refleja entrada de nuevas entidades (típicamente neobancos o digitales)."
110000000002,Bancos,"Cantidad de bancos autorizados a operar (incluye públicos y privados, de capital nacional y extranjero, y sucursales de entidades del exterior). Es el principal subconjunto del sistema. Variaciones suelen reflejar fusiones, cambios de denominación o entradas/salidas. Una caída sostenida indica consolidación; una suba, ingreso de nuevos jugadores."
110000000003,Bancos Públicos,"Cantidad de bancos cuyo control accionario está en manos del Estado (nacional, provincial o municipal). Incluye p.ej. NACION, BAPRO, BANCOR, CIUDAD. La cantidad cambia muy poco en el tiempo: subas/bajas reflejan creaciones puntuales (p.ej. provinciales) o privatizaciones."
110000000004,Bancos Privados,"Cantidad de bancos privados (suma de locales de capital nacional + locales de capital extranjero + sucursales de entidades del exterior). Es el segmento más dinámico en términos de M&A. Una baja indica fusiones/salidas; una suba, ingreso de nuevos bancos (incluye fintechs/neobancos que obtienen licencia bancaria)."
110000000005,Bancos Locales de Capital Nacional,"Cantidad de bancos privados cuyo accionista controlante es residente argentino (p.ej. MACRO, GALICIA, CREDICOOP, COMAFI, SUPERVIELLE). Una suba puede reflejar la 'argentinización' de bancos antes extranjeros (cambios de control); una baja, fusiones o pasaje a control extranjero."
110000000006,Bancos Locales de Capital extranjero,"Cantidad de bancos privados constituidos en Argentina cuyo accionista controlante es no residente (p.ej. SANTANDER, BBVA, ICBC, PATAGONIA). Variaciones suelen responder a operaciones M&A internacionales. Una caída sostenida puede indicar retiro de bancos extranjeros del país."
110000000007,Bancos Sucursales de Entidades Financieras del Exter,"Cantidad de bancos que operan como sucursales (no como subsidiarias) de entidades del exterior (p.ej. CITI, JP MORGAN, BANK OF AMERICA, PARIBAS). Suelen ser pocos y orientados a banca corporativa/wholesale. Cambios reflejan decisiones estratégicas de las casas matrices."
110000000008,Compañías Financieras,"Cantidad total de compañías financieras autorizadas. Las CF no captan depósitos a la vista pero pueden tomar plazos fijos y otorgar crédito. Suelen estar especializadas en consumo. Una baja indica salidas por consolidación o conversión a otra figura (p.ej. caja); una suba, nuevos jugadores nicho."
110000000009,Compañías Financieras de Capital Nacional,Cantidad de compañías financieras cuyo accionista controlante es residente argentino. Es el subgrupo más grande dentro de las CF. Variaciones reflejan altas y bajas puntuales del segmento.
110000000010,Compañías Financieras de Capital Extranjero,Cantidad de compañías financieras controladas por no residentes. Es un segmento históricamente pequeño. Cambios suelen reflejar decisiones de grupos extranjeros sobre presencia minorista en el país.
110000000011,Cajas de Crédito,"Cantidad de cajas de crédito cooperativas autorizadas. Son entidades pequeñas con base local/regional, orientadas a PyMEs y consumo de proximidad. Cambios reflejan principalmente fusiones u operaciones puntuales del segmento cooperativo."
310000000033,Cantidad de cuentas corrientes,"Stock de cuentas corrientes abiertas en la entidad al cierre del período (información adicional). Es un proxy de la base transaccional empresarial. Una suba indica más clientes empresariales o más cuentas operativas activas; una baja, depuración de inactivas o pérdida de clientes. Útil cruzado con depósitos en cuenta corriente para ver el ticket promedio."
310000000043,Cantidad de cuentas de ahorro,"Stock de cajas de ahorro abiertas al cierre del período. Es la principal cuenta minorista en Argentina (una por individuo bancarizado). Una suba indica bancarización creciente o mayor adquisición de clientes; una baja, depuración de inactivas. La penetración de la billetera digital y las cuentas gratuitas la hicieron crecer fuerte desde 2020."
310000000044,Cantidad de cajas de ahorro de ayuda social,"Stock de cajas de ahorro asociadas a beneficiarios de programas sociales (AUH, jubilaciones mínimas, planes). Refleja la magnitud del flujo asistencial bancarizado en la entidad. Variaciones reflejan altas/bajas de beneficiarios o cambios de banco pagador del beneficio."
310000000045,Cantidad de cuentas previsionales,"Stock de cuentas vinculadas al cobro de jubilaciones y pensiones (ANSES). Es un proxy del segmento jubilatorio bancarizado en la entidad. Bancos públicos (NACION, BAPRO) suelen concentrar la mayoría. Variaciones reflejan migraciones entre bancos pagadores o altas/bajas del padrón."
310000000051,Cantidad de operaciones a plazo fijo Individuos,"Cantidad de plazos fijos de personas humanas vigentes al cierre. Es un proxy del ahorro a plazo del segmento minorista. Una suba en moneda nominal puede reflejar tanto más cantidad como múltiples plazos por cliente; conviene leerlo junto con el stock en pesos. Caídas suelen anticipar migración a otros activos (dólar, FCI, inversiones)."
310000000052,Cantidad de operaciones a plazo fijo Empresas,"Cantidad de plazos fijos de personas jurídicas vigentes al cierre. Refleja la colocación de excedentes corporativos. Subas indican más empresas dejando excedentes en plazo; bajas, migración a colocaciones de mejor rendimiento o uso del cash en operaciones."
310000000061,Cantidad de operaciones por préstamos Individuos,Número de operaciones de crédito vigentes a personas humanas registradas por la entidad al cierre del período (stock por operación). No representa desembolsos del mes. Indica profundidad y atomización de la cartera de individuos.
310000000062,Cantidad de operaciones por préstamos Empresas,Número de operaciones de crédito vigentes a personas jurídicas registradas por la entidad al cierre del período (stock por operación). Útil para dimensionar la base corporativa atendida y la diversificación del portafolio.
310000000063,Cantidad de operaciones por préstamos hipotecarios,"Número de operaciones de crédito hipotecario vigentes al cierre del período, cualquiera sea su situación (vigentes o en mora). Refleja el tamaño y la atomización del portafolio hipotecario."
310000000064,Cantidad de operaciones por préstamos prendarios,"Número de operaciones de crédito prendario vigentes al cierre del período (p. ej., financiación de automotores u otros bienes registrables). Es un stock de operaciones."
310000000065,Cantidad de operaciones por otros préstamos,"Número de operaciones vigentes del resto de líneas no hipotecarias ni prendarias al cierre del período (p. ej., personales y comerciales sin garantía real; la composición puede variar según normativa)."
310000000070,Dotación de personal,"Dotación de personal: total de empleados de la entidad al cierre del período (mes/trimestre) según “Información Adicional” del BCRA. Mide escala operativa y permite construir ratios por empleado (p. ej., cuentas/empleado). Es un stock, no un flujo."
312100000011,Cantidad de titulares por tarjetas de crédito,"Cantidad de personas (titulares) con al menos una tarjeta de crédito emitida por la entidad. Diferente del conteo de plásticos: un titular puede tener varias tarjetas (adicionales, marca compartida, etc.). Una suba indica expansión real de clientes con crédito al consumo; una baja, depuración de tarjetas inactivas o cierre de cuentas."
312100000012,Cantidad de tarjetas de crédito (plásticos),"Cantidad de plásticos de crédito emitidos (titulares + adicionales) que están vigentes. Suele ser mayor que el número de titulares por las adicionales. Una suba indica expansión del crédito al consumo o emisión de tarjetas premium con cobranding; una baja, depuración por inactividad o discontinuación de productos."
318000100001,Cantidad de cuentas con tarjetas de débito,"Cantidad de cuentas (de ahorro o corriente) que tienen al menos una tarjeta de débito asociada. Es un proxy de cuentas 'transaccionales activas'. Una suba indica más bancarización transaccional; una baja, migración a cuentas digitales sin plástico o depuración."
318000100002,Cantidad de tarjetas de débito,"Cantidad total de plásticos de débito emitidos vigentes. Suele superar a la cantidad de cuentas con débito por tarjetas adicionales. Crece estructuralmente con la bancarización."
318000500001,Cantidad de cheques librados por cuentacorrentistas,"Cantidad de cheques librados por los cuentacorrentistas durante el período. Es un proxy del uso del cheque como instrumento de pago empresarial. Tendencia secular descendente desde la masificación de transferencias inmediatas y echeq. Una suba puede señalar dilatación de pagos (capital de trabajo); una baja, mayor digitalización."
318000500002,Monto pagado por cheques librados,"Monto total pagado por los cheques librados durante el período. En moneda homogénea, una suba indica más volumen real movilizado por cheques (mayor actividad o tickets más grandes); una baja, sustitución por otros medios de pago (transferencias, e-cheq) o menor actividad."
400100001000,Cantidad de Cuentas,"Total de cuentas de depósito activas (suma de cuentas corrientes, cajas de ahorro, previsionales, de ayuda social, etc.) al cierre del período. Métrica clave de tamaño de base de clientes. Una suba indica adquisición neta de clientes; una baja, depuración de inactivas o pérdida de clientes."
400100002000,Cantidad de Empresas,"Número de personas jurídicas (clientes corporativos) registradas por la entidad. Es un proxy de la base empresarial atendida. Una suba indica más clientes corporativos o mayor profundización del segmento; una baja, atrición empresarial."
800010100010,C1 - Apalancamiento (en veces),"Apalancamiento (C1): Indica el nivel de endeudamiento de la entidad en relación a su capital propio. Se calcula como pasivos totales / patrimonio neto, mostrando cuántas veces el patrimonio cubre las deudas. Un valor más alto de apalancamiento implica mayor deuda en proporción al capital (es decir, más riesgo financiero para el banco), mientras que un apalancamiento más bajo refleja menor endeudamiento y mayor solvencia relativa del banco."
800010100020,C2 - Pérdida Potencial de Cartera en Situación 2 a 6 (%),"Pérdida Potencial de Cartera en Situación 2 a 6 (C2): Mide la porción de los préstamos con algún nivel de morosidad (cartera bajo seguimiento especial o en incumplimiento, clasificaciones 2 a 6) en relación al patrimonio neto del banco. Un aumento de este porcentaje significa que una mayor parte del capital podría verse comprometida por préstamos problemáticos (indicando mayor riesgo crediticio), mientras que una baja sugiere que la exposición del patrimonio a posibles incobrables es menor (ya sea por mejor calidad de cartera o por mayores previsiones que cubren esas pérdidas potenciales). Nota: Valores negativos pueden darse si las provisiones exceden la cartera en mora, reflejando una cobertura muy holgada."
800010100030,C3 - Pérdida Potencial de Cartera en Situación 3 a 6 (%),"Pérdida Potencial de Cartera en Situación 3 a 6 (C3): Indica la exposición de la entidad a pérdidas por cartera irregular (préstamos en incumplimiento, categorías 3 a 6) en relación al patrimonio neto. Un valor más alto señala mayor riesgo de pérdidas efectivas por créditos incobrables; un valor menor (o negativo si hay exceso de previsiones) sugiere menor exposición del capital a esas pérdidas."
800010200090,A9 - Total Cartera Irregular / Total Financiaciones (%),Cartera Irregular / Total de Financiaciones (A9): Ratio de morosidad general. Mide el peso de los créditos en situación irregular sobre el total de financiaciones. Una suba implica deterioro de la calidad crediticia; una baja indica mejora en la calidad de los activos.
800010200110,A11 - Cartera Irregular Sector Privado (%),Cartera irregular del sector privado (%): nivel de cartera irregular del sector privado (situación 3 a 6) sobre el total de financiaciones al sector privado. Fórmula: Cartera irregular (3 a 6) / Total sector privado.
800010200120,A12 - Participación Cartera Comercial Sector Privado (%),Participación cartera comercial sector privado (%): proporción de asistencia crediticia a empresas del sector privado no financiero. Fórmula: (Cartera comercial + cartera asimilable a consumo) / Total sector privado.
800010200130,A13 - Participación Cartera Consumo Sector Privado (%),Participación cartera consumo sector privado (%): proporción de asistencia crediticia a individuos. Fórmula: Cartera consumo / Total sector privado.
800010200140,A14 - Previsiones sobre Cartera Irregular Total (%),Previsiones sobre Cartera Irregular (A14): Tasa de cobertura de la cartera irregular. Compara previsiones constituidas con los créditos en situación irregular. >=100% indica cobertura plena; <<100% revela cobertura insuficiente.
800010200160,A16 - Cartera Irregular Consumo Sector Privado (%),Cartera Irregular Consumo (A16): Porcentaje de la cartera de consumo del sector privado en situación irregular. Subas reflejan más impagos de hogares; bajas indican mejor cumplimiento en ese segmento.
800010200170,A17 - Cartera Irregular Comercial Sector Privado (%),Cartera Irregular Comercial (A17): Porcentaje de la cartera comercial del sector privado en situación irregular. Subas denotan más impagos de empresas; bajas implican mejor desempeño crediticio empresarial.
800010200210,A21 - Posición de Previsiones Mín Sector Priv No Fciero (%),Posición de Previsiones Mínimas (A21): Exceso o falta de previsiones contables respecto a las mínimas regulatorias del BCRA para la cartera del sector privado no financiero. Valor positivo = previsiones superiores al mínimo (prudencia); valor negativo = faltantes (riesgo).
800010201030,AG3 - Importancia de Cartera Vencida del Sector Privado (%),"Importancia de la Cartera Vencida (AG3): Proporción de la cartera vencida del sector privado (atrasos y morosidad) sobre el total de préstamos al sector privado. Un mayor valor señala deterioro general de la calidad crediticia; un menor valor, una cartera más saludable."
800010201290,AG29 - Efectivo y Depósito en Bancos / Activo (%),Efectivo y Depósitos en Bancos / Activo (AG29): Liquidez inmediata. Porción del activo en efectivo y saldos a la vista en otras entidades. Un porcentaje mayor implica mayor capacidad para afrontar retiros y necesidades de corto plazo.
800010300010,E1 - Absorción de Gastos de Ad. con Volúmen de Negocio (%),Absorción de Gastos con Volumen de Negocio (E1): Gastos de administración sobre depósitos + préstamos. Un valor alto implica alta incidencia de costos sobre el negocio intermediado; un valor bajo indica mejor eficiencia o economías de escala.
800010300020,E2 - Margen de Rentabilidad Operat./Gastos de Estructura (%),Cobertura de Gastos Operativos con Margen (E2): Resultado operativo sobre gastos de administración. 100% es el punto de equilibrio; >100% refleja holgura para cubrir costos y generar utilidad; <100% indica que los ingresos operativos no cubren los gastos estructurales.
800010300040,E4 - Depósitos por Empleado (en millones de pesos),Depósitos por Empleado (E4): Depósitos totales por empleado (en millones). Más alto = mayor productividad de la fuerza laboral en captación/gestión de depósitos; más bajo = menor productividad relativa.
800010300050,E5 - Financiaciones por Empleado (en millones de pesos),Financiaciones por Empleado (E5): Préstamos totales por empleado (en millones). Más alto = mayor productividad comercial/gestión de crédito; más bajo = menor productividad relativa.
800010400010,R1 - Rendimiento Anual del Patrimonio ( ROE) (%),ROE – Rendimiento sobre Patrimonio (R1): Rentabilidad neta sobre el patrimonio promedio. Un ROE más alto indica mayor ganancia por peso de capital; un ROE bajo o negativo señala menor rentabilidad o pérdidas.
800010400020,R2 - Rendimiento Ordinario del Patrimonio (%),"Rendimiento Ordinario del Patrimonio (R2): Rentabilidad antes de impuesto y sin extraordinarios sobre patrimonio. Un aumento sugiere mejora en la rentabilidad básica; una baja, deterioro de la ganancia operativa sobre el capital."
800010400080,R8 - Tasa Implicita Préstamos Totales (%),"Tasa Implícita de Préstamos (R8): Tasa promedio cobrada por los préstamos (ingresos por intereses sobre saldo promedio de cartera). Una suba indica mayor rendimiento de créditos; una baja, menores tasas activas promedio."
800010400090,R9 - Tasa Implicita Depósitos Totales (%),Tasa Implícita de Depósitos (R9): Tasa promedio pagada por los depósitos totales (intereses pagados sobre saldo promedio). Una suba encarece el fondeo y presiona márgenes; una baja reduce el costo de fondeo.
800010400170,R17 - Gastos en Personal / Gastos de Administración (%),"Gastos en Personal / Gastos de Administración (R17): Proporción de los gastos administrativos destinada a personal. Un aumento sugiere mayor peso del personal en la estructura de costos; una baja, menor incidencia relativa de ese rubro."
800010401010,RG1 - Retorno sobre Activos ( ROA) (%),ROA – Retorno sobre Activos (RG1): Rentabilidad neta sobre el activo promedio. Un ROA más alto implica mejor eficiencia en el uso de activos para generar ganancias; un ROA bajo o negativo indica menor rendimiento o pérdidas relativas al activo.
800010401020,RG2 - Ingresos Financieros Netos / Activo  (%),"Margen Financiero / Activo (RG2): Margen financiero neto (intereses cobrados menos pagados, neto de impuestos asociados) sobre activo promedio. Un aumento refleja mejora del margen de intermediación; una caída señala compresión de márgenes."
800010401030,RG3 - Cargos por Incobrabilidad / Activo  (%),"Cargos por Incobrabilidad / Activo (RG3): Incidencia de los cargos por incobrables (provisiones/castigos) sobre el activo promedio. Un aumento indica mayores pérdidas crediticias relativas; una baja, menores pérdidas por incobrables en proporción al activo."
800010401040,RG4 - Ingresos Netos por Servicios / Activo  (%),"Resultados por Servicios / Activo (RG4): Aporte de comisiones netas sobre el activo promedio. Un valor mayor indica mayor diversificación de ingresos vía servicios; uno menor, menor contribución de comisiones."
800010401050,RG5 - Gastos de Administración / Activo  (%),"Gastos de Administración / Activo (RG5): Peso de los gastos operativos sobre el activo. Un aumento indica menor eficiencia (más costos por unidad de activo); una disminución, mayor eficiencia operativa."
800010401150,RG15 - Retorno sobre Activos (ROA) antes Imp. de Gcias (%),"ROA antes de Impuestos (RG15): Rentabilidad del activo considerando el resultado antes de Impuesto a las Ganancias. Su alza indica mejor desempeño operativo de los activos; su baja, menor rendimiento bruto."
800010500010,L1 - Liq con titulos c/cotiz + posición de call y leliq (%),Liquidez total con posición de call (%): cobertura de depósitos y call tomado con activos de rápida realización. Fórmula: (Efectivo y depósitos en bancos + títulos y acciones con cotización + call otorgado) / (Depósitos (capital) + call tomado).
800010500080,L8_II - Liquidez con títulos con cotiz (%),"Liquidez con Títulos Cotizables (L8_II): Cobertura de depósitos considerando sólo efectivo, saldos bancarios y títulos con cotización (excluye instrumentos BCRA). Un valor alto indica liquidez genuina de mercado; un valor bajo sugiere dependencia de liquidez regulatoria."
800010500090,L9 - Liquidez con leliq y pases (%),"Liquidez con LELIQ, Pases y LEFIs (L9): Cobertura de depósitos con efectivo, saldos y tenencias de instrumentos del BCRA (neto de pases). Un valor mayor refleja sólida liquidez operativa; un menor valor, menor cobertura inmediata incluso considerando instrumentos del BCRA."
990000002,CALC Cuentas por empleado,"Indicador derivado (DATASETBCRA): cantidad de cuentas atendidas por cada empleado de la entidad. Fórmula: (Cuentas corrientes + Cajas de ahorro + Cajas de ahorro de ayuda social + Cuentas previsionales) / Dotación de personal. Es un proxy de productividad operativa: cuántas cuentas 'mueve' cada empleado, independiente del ticket en pesos. Una suba indica mayor eficiencia operativa o digitalización (más cuentas con la misma plantilla — típico de neobancos), o reducción de plantilla a igual base de cuentas. Una baja sugiere lo opuesto: crecimiento de plantilla más rápido que el de cuentas, o pérdida neta de cuentas. Útil para comparar bancos digitales vs. tradicionales: los digitales suelen tener ratios mucho más altos por su modelo de negocio sin sucursales. Atención: incluye cuentas previsionales y de ayuda social en el numerador, así que bancos pagadores de planes (NACION, BAPRO) tienen un ratio inflado por ese efecto."
990000003,CALC Variación cantidad hipotecarios (MoM),"Indicador derivado (DATASETBCRA): diferencia mes a mes en la cantidad de operaciones de préstamos hipotecarios vigentes en la entidad. Fórmula: DIFF(inf_adi:310000000063), es decir Cantidad_T − Cantidad_T-1 (en cantidad de operaciones, NO en porcentaje ni en pesos). Mide flujo neto: si es positivo, se otorgaron más hipotecarios de los que se cancelaron/castigaron; si es negativo, las cancelaciones (amortizaciones, cancelaciones anticipadas, pasaje a situación irregular dada de baja) superaron las nuevas altas. Útil para captar la dinámica del crédito hipotecario sin la distorsión de los stocks acumulados: un período con muchas altas brutas pero también muchas cancelaciones puede mostrar variación neta cero. En enero/febrero suele caer por baja actividad estacional; subas marcadas suelen acompañar lanzamientos de líneas hipotecarias (UVA, etc.)."
991000001,Sucursales (red propia),Casas operativas plenas: Casa Matriz, Sucursales y Agencias. Un aumento indica expansión de la red presencial; una baja sugiere cierres por reestructuración o migración a canales digitales.
991000002,Cajeros automáticos fuera de casas operativas,ATMs ubicados fuera de las sucursales (locales propios o terceros). Un aumento amplía el acceso al efectivo en zonas sin sucursal; una baja puede indicar racionalización de la red o sustitución por terminales / billeteras.
991000003,Terminales de autoservicio,Equipos que permiten operar sin cajero humano (depósitos, transferencias, consultas) dentro o fuera de sucursales. Un aumento implica más automatización del servicio al cliente; una baja, repliegue del canal.
991000004,Dependencias automatizadas,Espacios autoatendidos con varios equipos (DA): ATM + TAS + buzones, normalmente sin personal. Un aumento sugiere apuesta por la atención 24/7 en zonas estratégicas; una baja, repliegue.
