group_id,group_alias,member_alias,codigo_entidad,alias
ABAPPRA,ABAPPRA,BAPRO,00014,BAPRO
ABAPPRA,ABAPPRA,CREDICOOP,00191,CREDICOOP
ABAPPRA,ABAPPRA,GALICIA,00007,GALICIA
ABAPPRA,ABAPPRA,PATAGONIA,00034,PATAGONIA
ABAPPRA,ABAPPRA,SUPERVIELLE,00027,SUPERVIELLE
ABAPPRA,ABAPPRA,COMAFI,00299,COMAFI
ABAPPRA,ABAPPRA,BICA,00426,BICA
ABAPPRA,ABAPPRA,COINAG,00431,COINAG
ABAPPRA,ABAPPRA,CORRIENTES,00094,CORRIENTES
ABAPPRA,ABAPPRA,FORMOSA,00315,FORMOSA
ABAPPRA,ABAPPRA,BICE,00300,BICE
ABAPPRA,ABAPPRA,CIUDAD,00029,CIUDAD
ABAPPRA,ABAPPRA,BANCOR,00020,BANCOR
ABAPPRA,ABAPPRA,CHUBUT,00083,CHUBUT
ABAPPRA,ABAPPRA,ROSARIO,00065,ROSARIO
ABAPPRA,ABAPPRA,TIERRA DEL FUEGO,00268,TIERRA DEL FUEGO
ABAPPRA,ABAPPRA,RIOJA,00309,RIOJA
ABAPPRA,ABAPPRA,NEUQUEN,00097,NEUQUEN
ABAPPRA,ABAPPRA,CHACO,00311,CHACO
ABA,ABA,SANTANDER,00072,SANTANDER
ABA,ABA,BBVA,00017,BBVA
ABA,ABA,ICBC,00015,ICBC
ABA,ABA,JP MORGAN,00165,JP MORGAN
ABA,ABA,BRADESCO,00336,BRADESCO
ABA,ABA,PATAGONIA,00034,PATAGONIA
ABA,ABA,URUGUAY,00269,URUGUAY
ABA,ABA,PARIBAS,00266,PARIBAS
ABA,ABA,BANK OF CHINA,00131,BANK OF CHINA
ABE,ABE,MONTEMAR,45056,MONTEMAR
ABE,ABE,CETELEM,00331,CETELEM
ABE,ABE,BACS,00340,BACS
ABE,ABE,BIBANK,00147,BIBANK
ABE,ABE,COLUMBIA,00389,COLUMBIA
ABE,ABE,SERVICIOS FINANCIEROS CARREFOUR,00332,SERVICIOS FINANCIEROS CARREFOUR
ABE,ABE,DEL SOL,00310,DEL SOL
ABE,ABE,MASVENTAS,00341,MASVENTAS
ABE,ABE,DINO,00448,DINO
ABE,ABE,CREDITO REGIONAL,65203,CREDITO REGIONAL
ABE,ABE,EFECTIVO SI,44077,EFECTIVO SI
ABE,ABE,BANCO DE COMERCIO,00432,BANCO DE COMERCIO
ABE,ABE,REBA TRANSATLANTICO,45072,REBA TRANSATLANTICO
ABE,ABE,SUCREDITO,00435,SUCREDITO
ABE,ABE,VOII,00312,VOII
ABE,ABE,BST,00338,BST
ADEBA,ADEBA,CIUDAD,00029,CIUDAD
ADEBA,ADEBA,BICE,00300,BICE
ADEBA,ADEBA,CMF,00319,CMF
ADEBA,ADEBA,COLUMBIA,00389,COLUMBIA
ADEBA,ADEBA,COMAFI,00299,COMAFI
ADEBA,ADEBA,GALICIA,00007,GALICIA
ADEBA,ADEBA,LA PAMPA,00093,LA PAMPA
ADEBA,ADEBA,BANCOR,00020,BANCOR
ADEBA,ADEBA,SAN JUAN,00045,SAN JUAN
ADEBA,ADEBA,SANTA CRUZ,00086,SANTA CRUZ
ADEBA,ADEBA,BST,00338,BST
ADEBA,ADEBA,BANCO DE VALORES,00198,BANCO DE VALORES
ADEBA,ADEBA,DEL SOL,00310,DEL SOL
ADEBA,ADEBA,ENTRE RIOS,00386,ENTRE RIOS
ADEBA,ADEBA,HIPOTECARIO,00044,HIPOTECARIO
ADEBA,ADEBA,BIND,00322,BIND
ADEBA,ADEBA,JULIO,00305,JULIO
ADEBA,ADEBA,BIBANK,00147,BIBANK
ADEBA,ADEBA,MACRO,00285,MACRO
ADEBA,ADEBA,BMA MACRO,00259,BMA MACRO
ADEBA,ADEBA,MARIVA,00254,MARIVA
ADEBA,ADEBA,MERIDIAN,00254,MERIDIAN
ADEBA,ADEBA,PIANO,00301,PIANO
ADEBA,ADEBA,ROELA,00247,ROELA
ADEBA,ADEBA,SAENZ,00277,SAENZ
ADEBA,ADEBA,SANTA FE,00330,SANTA FE
ADEBA,ADEBA,SANTIAGO DEL ESTERO,00321,SANTIAGO DEL ESTERO
ADEBA,ADEBA,SUPERVIELLE,00027,SUPERVIELLE
ADEBA,ADEBA,UALA,00384,UALA
ADEBA,ADEBA,BRUBANK,00143,BRUBANK
MACRO E ITAU,MACRO E ITAU,MACRO,00285,MACRO
MACRO E ITAU,MACRO E ITAU,BMA MACRO,00259,BMA MACRO
ABAPPRA CON NACION,ABAPPRA CON NACION,NACION,00011,NACION
ABAPPRA CON NACION,ABAPPRA CON NACION,BAPRO,00014,BAPRO
ABAPPRA CON NACION,ABAPPRA CON NACION,CREDICOOP,00191,CREDICOOP
ABAPPRA CON NACION,ABAPPRA CON NACION,GALICIA,00007,GALICIA
ABAPPRA CON NACION,ABAPPRA CON NACION,PATAGONIA,00034,PATAGONIA
ABAPPRA CON NACION,ABAPPRA CON NACION,SUPERVIELLE,00027,SUPERVIELLE
ABAPPRA CON NACION,ABAPPRA CON NACION,COMAFI,00299,COMAFI
ABAPPRA CON NACION,ABAPPRA CON NACION,BICA,00426,BICA
ABAPPRA CON NACION,ABAPPRA CON NACION,COINAG,00431,COINAG
ABAPPRA CON NACION,ABAPPRA CON NACION,CORRIENTES,00094,CORRIENTES
ABAPPRA CON NACION,ABAPPRA CON NACION,FORMOSA,00315,FORMOSA
ABAPPRA CON NACION,ABAPPRA CON NACION,BICE,00300,BICE
ABAPPRA CON NACION,ABAPPRA CON NACION,CIUDAD,00029,CIUDAD
ABAPPRA CON NACION,ABAPPRA CON NACION,BANCOR,00020,BANCOR
ABAPPRA CON NACION,ABAPPRA CON NACION,CHUBUT,00083,CHUBUT
ABAPPRA CON NACION,ABAPPRA CON NACION,ROSARIO,00065,ROSARIO
ABAPPRA CON NACION,ABAPPRA CON NACION,TIERRA DEL FUEGO,00268,TIERRA DEL FUEGO
ABAPPRA CON NACION,ABAPPRA CON NACION,RIOJA,00309,RIOJA
ABAPPRA CON NACION,ABAPPRA CON NACION,NEUQUEN,00097,NEUQUEN
ABAPPRA CON NACION,ABAPPRA CON NACION,CHACO,00311,CHACO
